{
	"format_version": "1.8.0",
	"animations": {
		"animation.staraptor.ground_idle": {
			"loop": true,
			"animation_length": 6,
			"bones": {
				"Full_Body": {
					"rotation": {
						"0.0": [0, 0, 0],
						"4.0": [0, 0, 0],
						"4.0833": [0, 12.5, 0],
						"5.0": [0, 12.5, 0],
						"5.125": [0, -25, 0],
						"5.9167": [0, -25, 0],
						"6.0": [0, 0, 0]
					},
					"position": [0, "0+math.sin(q.anim_time*90*15)/10", 0]
				},
				"head": {
					"rotation": {
						"0.0": [0, 0, 0],
						"4.0": [0, 0, 0],
						"4.0833": [-7.5, 30, 0],
						"5.0": [-7.5, 30, 0],
						"5.125": [-11.30272, -20.98389, 5.17777],
						"5.9167": [-11.30272, -20.98389, 5.17777],
						"6.0": [0, 0, 0]
					}
				}
			}
		},
		"animation.staraptor.ground_walk": {
			"loop": true,
			"animation_length": 0.75,
			"bones": {
				"Full_Body": {
					"rotation": [20, 0, 0],
					"position": [0, "1+math.sin(q.anim_time*90*15)/10", 0]
				},
				"head": {
					"rotation": [-22.5, 0, 0],
					"position": [0, -1.25, 2]
				},
				"Wing_L_1": {
					"rotation": [-41.09837, -6.38091, -24.82389]
				},
				"Leg_R": {
					"rotation": {
						"0.0": [67.5, 0, 0],
						"0.4167": [-45, 0, 0],
						"0.75": [67.5, 0, 0]
					},
					"position": {
						"0.0": [0, 0, 0],
						"0.1667": [0, 2, 0],
						"0.4167": [0, 0, 0]
					}
				},
				"Leg_L": {
					"rotation": {
						"0.0": [-45, 0, 0],
						"0.3333": [67.5, 0, 0],
						"0.75": [-45, 0, 0]
					},
					"position": {
						"0.3333": [0, 0, 0],
						"0.5417": [0, 2, 0],
						"0.75": [0, 0, 0]
					}
				},
				"Wing_R_1": {
					"rotation": [-44.50346, 10.59131, 22.54603]
				}
			}
		},
		"animation.staraptor.air_idle": {
			"loop": true,
			"animation_length": 1,
			"bones": {
				"staraptor": {
					"rotation": [-5, 0, 0],
					"position": {
						"0.0": [0, 3, 0],
						"0.0417": [0, 3.53113, 0],
						"0.0833": [0, 3.88928, 0],
						"0.125": [0, 4, 0],
						"0.1667": [0, 3.98702, 0],
						"0.2083": [0, 3.94043, 0],
						"0.25": [0, 3.86415, 0],
						"0.2917": [0, 3.76162, 0],
						"0.3333": [0, 3.63602, 0],
						"0.375": [0, 3.49037, 0],
						"0.4167": [0, 3.32763, 0],
						"0.4583": [0, 3.15084, 0],
						"0.625": [0, 2.38076, 0],
						"0.6667": [0, 2.20427, 0],
						"0.7083": [0, 2.06216, 0],
						"0.75": [0, 2, 0],
						"0.7917": [0, 2.03719, 0],
						"0.8333": [0, 2.12102, 0],
						"0.875": [0, 2.24853, 0],
						"0.9167": [0, 2.42156, 0],
						"0.9583": [0, 2.6514, 0],
						"1.0": [0, 3, 0]
					}
				},
				"Wing_L_1": {
					"rotation": {
						"0.0": [0, 0, 0],
						"0.0417": [-1.66812, 0, -7.15512],
						"0.0833": [-4.97161, 0, -19.70711],
						"0.125": [-8.91414, 0, -32.58233],
						"0.1667": [-13.12269, 0, -45.31138],
						"0.2083": [-17.40179, 0, -57.69427],
						"0.25": [-21.6279, 0, -69.60376],
						"0.2917": [-25.71126, 0, -80.93638],
						"0.3333": [-29.57896, 0, -91.59394],
						"0.375": [-33.16603, 0, -101.46991],
						"0.4167": [-36.41013, 0, -110.4436],
						"0.4583": [-39.2469, 0, -118.37045],
						"0.5": [-41.60807, 0, -125.06968],
						"0.5417": [-43.41652, 0, -130.30704],
						"0.5833": [-44.5828, 0, -133.76592],
						"0.625": [-45, 0, -135],
						"0.6667": [-44.53121, 0, -133.58504],
						"0.7083": [-42.99111, 0, -129.11],
						"0.75": [-40.13434, 0, -120.82892],
						"0.7917": [-35.64142, 0, -107.75224],
						"0.8333": [-29.15756, 0, -88.68448],
						"0.875": [-20.52646, 0, -62.84358],
						"0.9167": [-10.67954, 0, -32.67861],
						"0.9583": [-2.77912, 0, -8.29761],
						"1.0": [0, 0, 0]
					}
				},
				"Wing_L_Extension": {
					"rotation": [-80, 0, 0]
				},
				"Leg_R": {
					"rotation": [-42.73421, 15.69986, 16.32495]
				},
				"Leg_L": {
					"rotation": [-42.73421, -15.69986, -16.32495]
				},
				"Wing_R_1": {
					"rotation": {
						"0.0": [0, 0, 0],
						"0.0417": [-1.64481, 0, 5.29731],
						"0.0833": [-4.88262, 0, 15.05874],
						"0.125": [-8.7447, 0, 26.43914],
						"0.1667": [-12.87484, 0, 38.50232],
						"0.25": [-21.26647, 0, 62.97633],
						"0.2917": [-25.32411, 0, 74.87434],
						"0.3333": [-29.18991, 0, 86.28838],
						"0.375": [-32.79877, 0, 97.04499],
						"0.4167": [-36.08763, 0, 106.96126],
						"0.4583": [-38.9887, 0, 115.83679],
						"0.5": [-41.42732, 0, 123.43337],
						"0.5417": [-43.31706, 0, 129.44784],
						"0.5833": [-44.55198, 0, 133.48733],
						"0.625": [-45, 0, 135],
						"0.6667": [-44.49126, 0, 133.2641],
						"0.7083": [-42.83313, 0, 127.75875],
						"0.75": [-39.78379, 0, 117.99286],
						"0.7917": [-35.05434, 0, 103.49819],
						"0.8333": [-28.36851, 0, 83.98802],
						"0.875": [-19.73714, 0, 59.84389],
						"0.9167": [-10.22747, 0, 33.23632],
						"0.9583": [-2.70302, 0, 9.99648],
						"1.0": [0, 0, 0]
					}
				},
				"Wing_R_Extension": {
					"rotation": [-80, 0, 0]
				},
				"Wing_L_0": {
					"rotation": [-90, 0, 0],
					"position": [0, -1, 1]
				},
				"Wing_R_0": {
					"rotation": [-90, 0, 0],
					"position": [0, -1, 1]
				}
			}
		},
		"animation.staraptor.air_fly": {
			"loop": true,
			"animation_length": 5,
			"bones": {
				"staraptor": {
					"rotation": {
						"0.0": [45, 2, 12],
						"0.3333": [45, 1.51281, 10.85659],
						"0.875": [45, 0.62421, 5.29047],
						"1.4167": [45, -0.27771, -2.41368],
						"1.875": [45, -1.03772, -8.30501],
						"2.2083": [45, -1.57943, -11.11322],
						"2.5": [45, -2, -12],
						"2.8333": [45, -1.51281, -10.89413],
						"3.375": [45, -0.62421, -5.32133],
						"3.9167": [45, 0.27771, 2.42853],
						"4.375": [45, 1.03772, 8.34708],
						"4.7083": [45, 1.57943, 11.14814],
						"5.0": [45, 2, 12]
					},
					"position": {
						"0.0": [-5, 3, 0],
						"0.0417": [-4.99141, 3, 0],
						"0.0833": [-4.96878, 3, 0],
						"0.125": [-4.9323, 3, 0],
						"0.1667": [-4.88219, 3, 0],
						"0.2083": [-4.81868, 3, 0],
						"0.25": [-4.74204, 3, 0],
						"0.2917": [-4.65237, 3, 0],
						"0.3333": [-4.55005, 3, 0],
						"0.375": [-4.43549, 3, 0],
						"0.4167": [-4.30906, 3, 0],
						"0.4583": [-4.17092, 3, 0],
						"0.5": [-4.02158, 3, 0],
						"0.5417": [-3.86156, 3, 0],
						"0.7083": [-3.12258, 3, 0],
						"0.9167": [-2.01584, 3, 0],
						"1.375": [0.77488, 3, 0],
						"1.5833": [2.01584, 3, 0],
						"1.75": [2.91565, 3, 0],
						"1.9167": [3.69114, 3, 0],
						"1.9583": [3.86156, 3, 0],
						"2.0": [4.02158, 3, 0],
						"2.0417": [4.17092, 3, 0],
						"2.0833": [4.30906, 3, 0],
						"2.125": [4.43549, 3, 0],
						"2.1667": [4.55005, 3, 0],
						"2.2083": [4.65237, 3, 0],
						"2.25": [4.74204, 3, 0],
						"2.2917": [4.81868, 3, 0],
						"2.3333": [4.88219, 3, 0],
						"2.375": [4.9323, 3, 0],
						"2.4167": [4.96878, 3, 0],
						"2.4583": [4.99141, 3, 0],
						"2.5": [5, 3, 0],
						"2.5417": [4.99417, 3, 0],
						"2.5833": [4.97405, 3, 0],
						"2.625": [4.93984, 3, 0],
						"2.6667": [4.89176, 3, 0],
						"2.7083": [4.83005, 3, 0],
						"2.75": [4.75497, 3, 0],
						"2.7917": [4.66665, 3, 0],
						"2.8333": [4.56545, 3, 0],
						"2.875": [4.4518, 3, 0],
						"2.9167": [4.32608, 3, 0],
						"2.9583": [4.18843, 3, 0],
						"3.0": [4.0394, 3, 0],
						"3.0417": [3.87949, 3, 0],
						"3.0833": [3.70901, 3, 0],
						"3.25": [2.93162, 3, 0],
						"3.5": [1.54036, 3, 0],
						"3.9167": [-1.03628, 3, 0],
						"4.125": [-2.26355, 3, 0],
						"4.2917": [-3.13924, 3, 0],
						"4.4167": [-3.70901, 3, 0],
						"4.4583": [-3.87949, 3, 0],
						"4.5": [-4.0394, 3, 0],
						"4.5417": [-4.18843, 3, 0],
						"4.5833": [-4.32608, 3, 0],
						"4.625": [-4.4518, 3, 0],
						"4.6667": [-4.56545, 3, 0],
						"4.7083": [-4.66665, 3, 0],
						"4.75": [-4.75497, 3, 0],
						"4.7917": [-4.83005, 3, 0],
						"4.8333": [-4.89176, 3, 0],
						"4.875": [-4.93984, 3, 0],
						"4.9167": [-4.97405, 3, 0],
						"4.9583": [-4.99417, 3, 0],
						"5.0": [-5, 3, 0]
					}
				},
				"head": {
					"rotation": [-27.5, 0, 0],
					"position": [0, -2, 2]
				},