{
	"format_version": "1.8.0",
	"animations": {
		"animation.staravia.ground_idle": {
			"loop": true,
			"animation_length": 8.54167,
			"bones": {
				"Body": {
					"position": [0, "math.sin(q.anim_time*15*90)/15", 0]
				},
				"Head": {
					"rotation": {
						"4.0": [0, 0, 0],
						"4.0417": [-20, 37.5, 0],
						"6.25": [-20, 37.5, 0],
						"6.2917": [22.5, -12.5, 0],
						"8.5": [22.5, -12.5, 0],
						"8.5417": [0, 0, 0]
					}
				}
			}
		},
		"animation.staravia.ground_walk": {
			"loop": true,
			"animation_length": 0.5,
			"bones": {
				"Body": {
					"position": [0, "math.sin(q.anim_time*15*90)/15", 0]
				},
				"Leg_L": {
					"rotation": {
						"0.0": [0, 0, 0],
						"0.125": [22.5, 0, 0],
						"0.25": [0, 0, 0],
						"0.375": [-22.5, 0, 0],
						"0.5": [0, 0, 0]
					}
				},
				"Leg_R": {
					"rotation": {
						"0.0": [0, 0, 0],
						"0.125": [-22.5, 0, 0],
						"0.25": [0, 0, 0],
						"0.375": [22.5, 0, 0],
						"0.5": [0, 0, 0]
					}
				}
			}
		},
		"animation.staravia.air_idle": {
			"loop": true,
			"animation_length": 1,
			"bones": {
				"staravia": {
					"position": {
						"0.0": {
							"post": [0, 0, 0],
							"lerp_mode": "catmullrom"
						},
						"0.5": {
							"post": [0, 3, 0],
							"lerp_mode": "catmullrom"
						},
						"1.0": {
							"post": [0, 0, 0],
							"lerp_mode": "catmullrom"
						}
					}
				},
				"Leg_L": {
					"rotation": [45, 0, 0]
				},
				"Leg_R": {
					"rotation": [45, 0, 0]
				},
				"Wing_L": {
					"rotation": {
						"0.0": [35.26439, -30, -144.73561],
						"0.0417": [34.79327, -30.15263, -143.63641],
						"0.0833": [33.33555, -30.58097, -140.72979],
						"0.125": [30.66004, -31.31571, -135.58831],
						"0.1667": [26.43233, -32.39267, -127.5871],
						"0.2083": [20.12476, -33.85627, -115.72988],
						"0.25": [10.80977, -35.76015, -98.27962],
						"0.2917": [-3.42709, -38.16267, -71.6357],
						"0.3333": [-28.06684, -41.08238, -26.1988],
						"0.375": [-64.70532, -43.73575, 25.27933],
						"0.4167": [-63.66134, -43.31049, 21.86563],
						"0.4583": [-60.80977, -42.52893, 14.2184],
						"0.5": [-56.48914, -41.60762, 4.21521],
						"0.5417": [-50.9567, -40.6105, -7.29537],
						"0.5833": [-44.42074, -39.56788, -19.83316],
						"0.625": [-37.05337, -38.49777, -33.08443],
						"0.6667": [-29.00863, -37.41275, -46.82209],
						"0.7083": [-20.42884, -36.32301, -60.86054],
						"0.75": [-11.45642, -35.23799, -75.03082],
						"0.7917": [-2.24609, -34.16788, -89.15845],
						"0.8333": [7.01615, -33.12526, -103.03758],
						"0.875": [16.07768, -32.12813, -116.38623],
						"0.9167": [24.54058, -31.20682, -128.74594],
						"0.9583": [31.63916, -30.42526, -139.18153],
						"1.0": [35.26, -30, -144.74]
					}
				},
				"Wing_L_Expand": {
					"rotation": [-67.5, 0, 0]
				},
				"Wing_R": {
					"rotation": {
						"0.0": [35.26439, 30, 144.73561],
						"0.0417": [34.82748, 30.16395, 143.41565],
						"0.0833": [33.40202, 30.49294, 139.55517],
						"0.125": [30.75317, 31.01459, 132.78906],
						"0.1667": [26.5386, 31.76709, 122.62632],
						"0.2083": [20.21683, 32.80511, 108.40186],
						"0.25": [10.8248, 34.21182, 89.14262],
						"0.2917": [-3.64345, 36.13159, 63.27628],
						"0.3333": [-29.04367, 38.8715, 27.81737],
						"0.375": [-64.70532, 43.73575, -25.27933],
						"0.4167": [-63.68518, 43.31049, -20.01547],
						"0.4583": [-60.74143, 42.52893, -10.34144],
						"0.5": [-56.28505, 41.60762, 1.06237],
						"0.5417": [-50.61508, 40.6105, 13.40467],
						"0.5833": [-43.96259, 39.56788, 26.3101],
						"0.625": [-36.51237, 38.49777, 39.55576],
						"0.6667": [-28.42493, 37.41275, 52.98599],
						"0.7083": [-19.84323, 36.32301, 66.47467],
						"0.75": [-10.90921, 35.23799, 79.90491],
						"0.7917": [-1.77338, 34.16788, 93.15057],
						"0.8333": [7.38499, 33.12526, 106.056],
						"0.875": [16.324, 32.12813, 118.3983],
						"0.9167": [24.66341, 31.20682, 129.80211],
						"0.9583": [31.66554, 30.42526, 139.47614],
						"1.0": [35.26, 30, 144.74]
					}
				},
				"Wing_R_Expand": {
					"rotation": [-67.5, 0, 0]
				}
			}
		},
		"animation.staravia.air_fly": {
			"loop": true,
			"animation_length": 3,
			"bones": {
				"staravia": {
					"rotation": [15, 0, 0],
					"position": {
						"0.0": [0, 0, 0],
						"0.0417": [-0.25206, 0, 0],
						"0.0833": [-0.46144, 0, 0],
						"0.125": [-0.65003, 0, 0],
						"0.1667": [-0.8229, 0, 0],
						"0.2083": [-0.98228, 0, 0],
						"0.25": [-1.12933, 0, 0],
						"0.2917": [-1.26472, 0, 0],
						"0.3333": [-1.38882, 0, 0],
						"0.375": [-1.50181, 0, 0],
						"0.4167": [-1.60374, 0, 0],
						"0.4583": [-1.69458, 0, 0],
						"0.5": [-1.77416, 0, 0],
						"0.5417": [-1.84231, 0, 0],
						"0.5833": [-1.89876, 0, 0],
						"0.625": [-1.94317, 0, 0],
						"0.6667": [-1.97516, 0, 0],
						"0.7083": [-1.99427, 0, 0],
						"0.75": [-2, 0, 0],
						"0.7917": [-1.98578, 0, 0],
						"0.8333": [-1.9502, 0, 0],
						"0.875": [-1.89817, 0, 0],
						"0.9167": [-1.83316, 0, 0],
						"1.4583": [-0.45663, 0, 0],
						"1.7917": [0.49482, 0, 0],
						"2.0": [1.00338, 0, 0],
						"2.0833": [1.16316, 0, 0],
						"2.125": [1.22817, 0, 0],
						"2.1667": [1.2802, 0, 0],
						"2.2083": [1.31578, 0, 0],
						"2.25": [1.33, 0, 0],
						"2.4167": [1.27005, 0, 0],
						"2.5833": [1.07266, 0, 0],
						"2.75": [0.72985, 0, 0],
						"3.0": [0, 0, 0]
					}
				},
				"Leg_L": {
					"rotation": [45, 0, 0]
				},
				"Leg_R": {
					"rotation": [45, 0, 0]
				},
				"Wing_L": {
					"rotation": [0, 0, -90]
				},
				"Wing_L_Expand": {
					"rotation": [-67.5, 0, 0]
				},
				"Wing_R": {
					"rotation": [0, 0, 90]
				},
				"Wing_R_Expand": {
					"rotation": [-67.5, 0, 0]
				},
				"Head": {
					"rotation": [12.5, 0, 0]
				},
				"Tail": {
					"rotation": [-37.5, 0, 0],
					"position": [0, -1, 0]
				}
			}
		},
		"animation.staravia.faint": {
			"loop": true,
			"animation_length": 3,
			"bones": {
				"staravia": {
					"rotation": {
						"0.0": [0, 0, 0],
						"0.0417": [0, 0, 0.07642],
						"0.0833": [0, 0, 0.30074],
						"0.125": [0, 0, 0.70806],
						"0.1667": [0, 0, 1.34954],
						"0.2083": [0, 0, 2.30606],
						"0.25": [0, 0, 3.72142],
						"0.2917": [0, 0, 5.89491],
						"0.3333": [0, 0, 9.69884],
						"0.375": [0, 0, 15],
						"0.4167": [0, 0, 15.30114],
						"0.9583": [0, 0, 21.07543],
						"1.5": [0, 0, 24.13273],
						"2.0": [0, 0, 25],
						"2.0417": [0, 0, 28.89344],
						"2.0833": [0, 0, 40.49833],
						"2.1667": [0, 0, 74.50167],
						"2.2083": [0, 0, 86.10656],
						"2.25": [0, 0, 90]
					},
					"position": {
						"0.0": [0, 0, 0],
						"0.0417": [0.00919, 0.04477, 0.01065],
						"0.0833": [0.04524, 0.14644, 0.02042],
						"0.125": [0.11762, 0.27792, 0.02909],
						"0.1667": [0.24286, 0.42443, 0.03633],
						"0.2083": [0.45397, 0.57557, 0.04165],
						"0.25": [0.83628, 0.72208, 0.04413],
						"0.2917": [1.68795, 0.85356, 0.04183],
						"0.3333": [2.39321, 0.95523, 0.02884],
						"0.375": [2.5, 1, 0],
						"0.9167": [2.74215, 1, 0.04292],
						"1.4583": [3.00785, 1, 0.0339],
						"1.9583": [3.23873, 1, 0.00192],
						"2.0": [3.25, 1, 0],
						"2.0417": [3.4896, 1, 0],
						"2.0833": [4.20374, 1, 0],
						"2.1667": [6.29626, 1, 0],
						"2.2083": [7.0104, 1, 0],
						"2.25": [7.25, 1, 0]
					}
				},
				"Leg_L": {
					"rotation": {
						"2.0": [0, 0, 0],
						"2.25": [0, 0, -45]
					}
				},
				"Leg_R": {
					"rotation": {
						"0.0": [0, 0, 0],
						"0.375": [0, 0, 45],
						"2.0": [0, 0, 45],
						"2.25": [0, 0, -42.5]
					}
				},
				"Wing_L": {
					"rotation": {
						"0.0": [0, 0, 0],
						"0.375": [0, 0, -37.5],
						"2.0": {
							"pre": [0, 0, -47.5],
							"post": [0, 0, -47.5],
							"lerp_mode": "catmullrom"
						},
						"2.25": {
							"post": [0, 0, 0],
							"lerp_mode": "catmullrom"
						}
					}
				},
				"Wing_R": {
					"rotation": {
						"0.0": [0, 0, 0],
						"0.375": [0, 0, 100],