{
	"format_version": "1.8.0",
	"animations": {
		"animation.starly.ground_idle": {
			"loop": true,
			"animation_length": 6,
			"bones": {
				"head": {
					"rotation": {
						"0.0": [0, 0, 0],
						"0.5417": [0, 0, 0],
						"1.0833": [0, 0, 0],
						"1.625": [0, 0, 0],
						"2.1667": [0, 0, 0],
						"2.7083": [0, 0, 0],
						"2.8333": [0, 0, 0],
						"2.875": [0.59786, 3.86518, 3.02864],
						"2.9583": [6.77412, 43.79503, 34.3165],
						"3.0": [7.37197, 47.66021, 37.34514],
						"3.5417": [7.37119, 47.66013, 37.34708],
						"4.0833": [7.37033, 47.66004, 37.34919],
						"4.3333": [7.37, 47.66, 37.35],
						"4.375": [9.49215, 39.48526, 31.10628],
						"4.4583": [31.41535, -44.96521, -33.39555],
						"4.5": [33.5375, -53.13995, -39.63927],
						"5.0417": [33.5375, -53.13995, -39.63927],
						"5.5833": [33.5375, -53.13995, -39.63927],
						"5.75": [33.5375, -53.13995, -39.63927],
						"5.7917": [30.81765, -48.83038, -36.42458],
						"5.875": [2.71985, -4.30958, -3.21469],
						"5.9167": [0, 0, 0]
					}
				},
				"tail": {
					"rotation": {
						"0.0": [0, 0, 0],
						"0.25": [-10, 0, 0],
						"0.5": [0, 0, 0],
						"0.75": [-10, 0, 0],
						"1.0": [0, 0, 0],
						"1.25": [-10, 0, 0],
						"1.5": [0, 0, 0],
						"3.25": [0, 0, 0],
						"3.5": [-10, 0, 0],
						"3.75": [0, 0, 0],
						"4.0": [-10, 0, 0],
						"4.25": [0, 0, 0]
					}
				},
				"body_and_feet": {
					"position": [0, 0, 0]
				},
				"body": {
					"rotation": [0, 0, 0]
				}
			}
		},
		"animation.starly.ground_walk": {
			"loop": true,
			"animation_length": 0.625,
			"bones": {
				"Starly": {
					"position": {
						"0.0": [0, 0, 0],
						"0.0417": [0, 0.1198, 0],
						"0.0833": [0, 0.47687, 0],
						"0.1667": [0, 1.52313, 0],
						"0.2083": [0, 1.8802, 0],
						"0.25": [0, 2, 0],
						"0.2917": [0, 1.8802, 0],
						"0.3333": [0, 1.52313, 0],
						"0.4167": [0, 0.47687, 0],
						"0.4583": [0, 0.1198, 0],
						"0.5": [0, 0, 0]
					}
				},
				"feet": {
					"rotation": {
						"0.0": [0, 0, 0],
						"0.125": [20, 0, 0],
						"0.2083": [0, 0, 0]
					}
				},
				"head": {
					"rotation": {
						"0.0833": [0, 0, 0],
						"0.2917": [-5, 0, 0],
						"0.4167": [0, 0, 0]
					}
				},
				"wing_L": {
					"rotation": [0, 0, -45]
				},
				"wing_R": {
					"rotation": [0, 0, 45]
				}
			}
		},
		"animation.starly.sleep": {
			"loop": true,
			"animation_length": 2,
			"bones": {
				"head": {
					"rotation": {
						"0.0": [42.73421, -15.69986, 16.32495],
						"1.0": {
							"pre": [25, -15.6999, 16.3249],
							"post": [25, -15.6999, 16.3249],
							"lerp_mode": "catmullrom"
						},
						"1.9583": [45, -15.6999, 16.3249]
					}
				}
			}
		},
		"animation.starly.faint": {
			"animation_length": 4,
			"bones": {
				"Starly": {
					"rotation": {
						"0.0": [0, 0, 0],
						"0.0417": [0.07651, 0, 0],
						"0.0833": [0.31642, 0, 0],
						"0.125": [0.74314, 0, 0],
						"0.1667": [1.37861, 0, 0],
						"0.2083": [2.25876, 0, 0],
						"0.25": [3.42366, 0, 0],
						"0.2917": [4.9247, 0, 0],
						"0.3333": [6.83687, 0, 0],
						"0.375": [9.25699, 0, 0],
						"0.4167": [12.3307, 0, 0],
						"0.4583": [16.27915, 0, 0],
						"0.5": [21.47052, 0, 0],
						"0.5417": [28.55183, 0, 0],
						"0.5833": [38.66937, 0, 0],
						"0.625": [52.12824, 0, 0],
						"0.6667": [62.35171, 0, 0],
						"0.7083": [66.52325, 0, 0],
						"0.75": [67.5, 0, 0]
					},
					"position": {
						"0.0": [0, 0, 0],
						"0.75": [0, 1, 0]
					}
				},
				"feet": {
					"rotation": {
						"0.625": [0, 0, 0],
						"0.75": [100, 0, 0]
					}
				},
				"head": {
					"rotation": {
						"0.625": [0, 0, 0],
						"0.75": [-30, 0, 0]
					}
				}
			}
		},
		"animation.starly.air_idle": {
			"animation_length": 0.5,
			"bones": {
				"Starly": {
					"position": {
						"0.0": {
							"post": [0, 0, 0],
							"lerp_mode": "catmullrom"
						},
						"0.3333": {
							"post": [0, 1, 0],
							"lerp_mode": "catmullrom"
						},
						"0.5": {
							"post": [0, 0, 0],
							"lerp_mode": "catmullrom"
						}
					}
				},
				"feet": {
					"rotation": [32.5, 0, 0]
				},
				"wing_L": {
					"rotation": {
						"0.0": {
							"post": [0, 0, -22.5],
							"lerp_mode": "catmullrom"
						},
						"0.25": {
							"post": [0, 0, -112.5],
							"lerp_mode": "catmullrom"
						},
						"0.5": {
							"post": [0, 0, -22.5],
							"lerp_mode": "catmullrom"
						}
					}
				},
				"wing_R": {
					"rotation": {
						"0.0": {
							"post": [0, 0, 22.5],
							"lerp_mode": "catmullrom"
						},
						"0.25": {
							"post": [0, 0, 112.5],
							"lerp_mode": "catmullrom"
						},
						"0.5": {
							"post": [0, 0, 22.5],
							"lerp_mode": "catmullrom"
						}
					}
				}
			}
		},
		"animation.starly.air_fly": {
			"animation_length": 0.5,
			"bones": {
				"Starly": {
					"position": {
						"0.0": {
							"post": [0, 0, 0],
							"lerp_mode": "catmullrom"
						},
						"0.3333": {
							"post": [0, 1, 0],
							"lerp_mode": "catmullrom"
						},
						"0.5": {
							"post": [0, 0, 0],
							"lerp_mode": "catmullrom"
						}
					}
				},
				"feet": {
					"rotation": [32.5, 0, 0]
				},
				"wing_L": {
					"rotation": {
						"0.0": {
							"post": [0, 0, -22.5],
							"lerp_mode": "catmullrom"
						},
						"0.25": {
							"post": [0, 0, -112.5],
							"lerp_mode": "catmullrom"
						},
						"0.5": {
							"post": [0, 0, -22.5],
							"lerp_mode": "catmullrom"
						}
					}
				},
				"wing_R": {
					"rotation": {
						"0.0": {
							"post": [0, 0, 22.5],
							"lerp_mode": "catmullrom"
						},
						"0.25": {
							"post": [0, 0, 112.5],
							"lerp_mode": "catmullrom"
						},
						"0.5": {
							"post": [0, 0, 22.5],
							"lerp_mode": "catmullrom"
						}
					}
				}
			}
		}
	}
}